Timestamp,Router_ID,Latency_ms,Packet_Loss_Pct,Bandwidth_Usage_Pct,Link_Failure
2026-06-17 22:21:03.689178,Router_1,299,7.4,92,1
2026-06-17 22:22:03.689178,Router_3,29,0.44,42,0
2026-06-17 22:23:03.689178,Router_2,19,0.13,55,0
2026-06-17 22:24:03.689178,Router_2,24,0.07,55,0
2026-06-17 22:25:03.689178,Router_1,21,0.25,30,0
2026-06-17 22:26:03.689178,Router_1,11,0.17,46,0
2026-06-17 22:27:03.689178,Router_2,18,0.13,51,0
2026-06-17 22:28:03.689178,Router_2,12,0.23,59,0
2026-06-17 22:29:03.689178,Router_2,14,0.33,46,0
2026-06-17 22:30:03.689178,Router_1,11,0.21,49,0
2026-06-17 22:31:03.689178,Router_1,23,0.17,37,0
2026-06-17 22:32:03.689178,Router_3,16,0.37,53,0
2026-06-17 22:33:03.689178,Router_1,12,0.44,57,0
2026-06-17 22:34:03.689178,Router_3,20,0.44,54,0
2026-06-17 22:35:03.689178,Router_3,22,0.33,32,0
2026-06-17 22:36:03.689178,Router_3,29,0.07,56,0
2026-06-17 22:37:03.689178,Router_3,19,0.08,35,0
2026-06-17 22:38:03.689178,Router_3,19,0.22,47,0
2026-06-17 22:39:03.689178,Router_1,23,0.34,48,0
2026-06-17 22:40:03.689178,Router_1,29,0.46,51,0
2026-06-17 22:41:03.689178,Router_2,25,0.11,58,0
2026-06-17 22:42:03.689178,Router_2,14,0.2,52,0
2026-06-17 22:43:03.689178,Router_3,18,0.03,35,0
2026-06-17 22:44:03.689178,Router_3,19,0.33,54,0
2026-06-17 22:45:03.689178,Router_2,26,0.06,32,0
2026-06-17 22:46:03.689178,Router_3,28,0.3,54,0
2026-06-17 22:47:03.689178,Router_3,23,0.09,52,0
2026-06-17 22:48:03.689178,Router_3,23,0.04,32,0
2026-06-17 22:49:03.689178,Router_2,27,0.06,44,0
2026-06-17 22:50:03.689178,Router_1,12,0.46,47,0
2026-06-17 22:51:03.689178,Router_3,12,0.26,49,0
2026-06-17 22:52:03.689178,Router_1,22,0.2,49,0
2026-06-17 22:53:03.689178,Router_1,13,0.36,46,0
2026-06-17 22:54:03.689178,Router_1,11,0.24,47,0
2026-06-17 22:55:03.689178,Router_2,29,0.16,50,0
2026-06-17 22:56:03.689178,Router_3,18,0.17,57,0
2026-06-17 22:57:03.689178,Router_1,22,0.24,50,0
2026-06-17 22:58:03.689178,Router_1,19,0.14,31,0
2026-06-17 22:59:03.689178,Router_1,10,0.23,39,0
2026-06-17 23:00:03.689178,Router_2,11,0.34,30,0
2026-06-17 23:01:03.689178,Router_1,28,0.42,58,0
2026-06-17 23:02:03.689178,Router_2,23,0.18,30,0
2026-06-17 23:03:03.689178,Router_3,26,0.46,34,0
2026-06-17 23:04:03.689178,Router_1,19,0.13,46,0
2026-06-17 23:05:03.689178,Router_2,22,0.18,40,0
2026-06-17 23:06:03.689178,Router_1,28,0.44,40,0
2026-06-17 23:07:03.689178,Router_3,14,0.27,51,0
2026-06-17 23:08:03.689178,Router_1,25,0.08,49,0
2026-06-17 23:09:03.689178,Router_2,24,0.13,54,0
2026-06-17 23:10:03.689178,Router_2,12,0.49,43,0
2026-06-17 23:11:03.689178,Router_1,28,0.43,51,0
2026-06-17 23:12:03.689178,Router_2,24,0.05,49,0
2026-06-17 23:13:03.689178,Router_2,27,0.12,38,0
2026-06-17 23:14:03.689178,Router_3,18,0.36,49,0
2026-06-17 23:15:03.689178,Router_3,27,0.37,58,0
2026-06-17 23:16:03.689178,Router_2,22,0.06,55,0
2026-06-17 23:17:03.689178,Router_3,29,0.3,56,0
2026-06-17 23:18:03.689178,Router_3,12,0.12,54,0
2026-06-17 23:19:03.689178,Router_3,17,0.17,54,0
2026-06-17 23:20:03.689178,Router_1,15,0.19,56,0
2026-06-17 23:21:03.689178,Router_2,17,0.47,35,0
2026-06-17 23:22:03.689178,Router_3,15,0.14,35,0
2026-06-17 23:23:03.689178,Router_3,11,0.31,51,0
2026-06-17 23:24:03.689178,Router_1,16,0.29,48,0
2026-06-17 23:25:03.689178,Router_1,28,0.16,56,0
2026-06-17 23:26:03.689178,Router_2,22,0.35,59,0
2026-06-17 23:27:03.689178,Router_1,21,0.39,51,0
2026-06-17 23:28:03.689178,Router_3,30,0.16,40,0
2026-06-17 23:29:03.689178,Router_3,20,0.14,51,0
2026-06-17 23:30:03.689178,Router_3,25,0.37,55,0
2026-06-17 23:31:03.689178,Router_1,29,0.03,51,0
2026-06-17 23:32:03.689178,Router_1,24,0.41,50,0
2026-06-17 23:33:03.689178,Router_2,26,0.16,33,0
2026-06-17 23:34:03.689178,Router_3,15,0.16,60,0
2026-06-17 23:35:03.689178,Router_2,29,0.31,51,0
2026-06-17 23:36:03.689178,Router_3,21,0.27,54,0
2026-06-17 23:37:03.689178,Router_3,15,0.23,55,0
2026-06-17 23:38:03.689178,Router_2,22,0.19,48,0
2026-06-17 23:39:03.689178,Router_3,28,0.25,39,0
2026-06-17 23:40:03.689178,Router_1,23,0.09,30,0
2026-06-17 23:41:03.689178,Router_1,24,0.13,40,0
2026-06-17 23:42:03.689178,Router_3,14,0.11,58,0
2026-06-17 23:43:03.689178,Router_2,15,0.0,33,0
2026-06-17 23:44:03.689178,Router_3,23,0.06,32,0
2026-06-17 23:45:03.689178,Router_2,12,0.08,30,0
2026-06-17 23:46:03.689178,Router_3,20,0.35,53,0
2026-06-17 23:47:03.689178,Router_1,16,0.21,31,0
2026-06-17 23:48:03.689178,Router_1,26,0.49,39,0
2026-06-17 23:49:03.689178,Router_2,11,0.22,38,0
2026-06-17 23:50:03.689178,Router_2,25,0.31,45,0
2026-06-17 23:51:03.689178,Router_3,29,0.02,59,0
2026-06-17 23:52:03.689178,Router_2,20,0.47,46,0
2026-06-17 23:53:03.689178,Router_3,26,0.43,53,0
2026-06-17 23:54:03.689178,Router_3,15,0.01,33,0
2026-06-17 23:55:03.689178,Router_3,20,0.06,36,0
2026-06-17 23:56:03.689178,Router_1,16,0.38,49,0
2026-06-17 23:57:03.689178,Router_1,28,0.1,59,0
2026-06-17 23:58:03.689178,Router_3,24,0.13,56,0
2026-06-17 23:59:03.689178,Router_2,17,0.13,47,0
2026-06-18 00:00:03.689178,Router_2,30,0.19,34,0
2026-06-18 00:01:03.689178,Router_1,27,0.28,32,0
2026-06-18 00:02:03.689178,Router_2,12,0.22,56,0
2026-06-18 00:03:03.689178,Router_3,14,0.25,39,0
2026-06-18 00:04:03.689178,Router_2,23,0.34,56,0
2026-06-18 00:05:03.689178,Router_2,25,0.23,54,0
2026-06-18 00:06:03.689178,Router_2,20,0.19,56,0
2026-06-18 00:07:03.689178,Router_1,12,0.3,41,0
2026-06-18 00:08:03.689178,Router_1,17,0.13,51,0
2026-06-18 00:09:03.689178,Router_3,28,0.41,43,0
2026-06-18 00:10:03.689178,Router_1,27,0.46,38,0
2026-06-18 00:11:03.689178,Router_3,28,0.09,57,0
2026-06-18 00:12:03.689178,Router_2,13,0.45,43,0
2026-06-18 00:13:03.689178,Router_2,28,0.26,32,0
2026-06-18 00:14:03.689178,Router_1,23,0.0,51,0
2026-06-18 00:15:03.689178,Router_1,14,0.09,50,0
2026-06-18 00:16:03.689178,Router_3,20,0.18,49,0
2026-06-18 00:17:03.689178,Router_2,30,0.08,60,0
2026-06-18 00:18:03.689178,Router_2,18,0.29,38,0
2026-06-18 00:19:03.689178,Router_2,14,0.09,44,0
2026-06-18 00:20:03.689178,Router_1,15,0.48,46,0
2026-06-18 00:21:03.689178,Router_3,25,0.33,59,0
2026-06-18 00:22:03.689178,Router_3,26,0.15,57,0
2026-06-18 00:23:03.689178,Router_1,13,0.07,42,0
2026-06-18 00:24:03.689178,Router_2,25,0.16,31,0
2026-06-18 00:25:03.689178,Router_2,18,0.19,49,0
2026-06-18 00:26:03.689178,Router_1,17,0.39,46,0
2026-06-18 00:27:03.689178,Router_3,20,0.07,52,0
2026-06-18 00:28:03.689178,Router_3,26,0.34,59,0
2026-06-18 00:29:03.689178,Router_1,24,0.31,49,0
2026-06-18 00:30:03.689178,Router_1,25,0.42,30,0
2026-06-18 00:31:03.689178,Router_1,25,0.27,58,0
2026-06-18 00:32:03.689178,Router_1,27,0.18,33,0
2026-06-18 00:33:03.689178,Router_1,25,0.15,48,0
2026-06-18 00:34:03.689178,Router_3,21,0.11,38,0
2026-06-18 00:35:03.689178,Router_1,20,0.06,57,0
2026-06-18 00:36:03.689178,Router_3,17,0.06,35,0
2026-06-18 00:37:03.689178,Router_1,10,0.37,55,0
2026-06-18 00:38:03.689178,Router_3,27,0.17,33,0
2026-06-18 00:39:03.689178,Router_1,26,0.05,48,0
2026-06-18 00:40:03.689178,Router_2,26,0.17,30,0
2026-06-18 00:41:03.689178,Router_1,25,0.23,40,0
2026-06-18 00:42:03.689178,Router_1,25,0.09,47,0
2026-06-18 00:43:03.689178,Router_2,20,0.21,30,0
2026-06-18 00:44:03.689178,Router_1,14,0.09,54,0
2026-06-18 00:45:03.689178,Router_1,227,17.46,92,1
2026-06-18 00:46:03.689178,Router_2,28,0.06,48,0
2026-06-18 00:47:03.689178,Router_3,13,0.37,31,0
2026-06-18 00:48:03.689178,Router_1,17,0.19,59,0
2026-06-18 00:49:03.689178,Router_3,25,0.42,48,0
2026-06-18 00:50:03.689178,Router_2,15,0.33,33,0
2026-06-18 00:51:03.689178,Router_1,331,19.0,96,1
2026-06-18 00:52:03.689178,Router_1,12,0.07,43,0
2026-06-18 00:53:03.689178,Router_1,18,0.14,30,0
2026-06-18 00:54:03.689178,Router_1,22,0.13,49,0
2026-06-18 00:55:03.689178,Router_3,30,0.45,57,0
2026-06-18 00:56:03.689178,Router_3,12,0.43,38,0
2026-06-18 00:57:03.689178,Router_3,18,0.05,33,0
2026-06-18 00:58:03.689178,Router_1,10,0.21,46,0
2026-06-18 00:59:03.689178,Router_1,30,0.32,32,0
2026-06-18 01:00:03.689178,Router_2,26,0.06,32,0
2026-06-18 01:01:03.689178,Router_2,27,0.37,33,0
2026-06-18 01:02:03.689178,Router_3,13,0.18,57,0
2026-06-18 01:03:03.689178,Router_3,17,0.01,47,0
2026-06-18 01:04:03.689178,Router_1,18,0.35,43,0
2026-06-18 01:05:03.689178,Router_1,17,0.27,31,0
2026-06-18 01:06:03.689178,Router_2,25,0.08,55,0
2026-06-18 01:07:03.689178,Router_2,14,0.15,53,0
2026-06-18 01:08:03.689178,Router_1,22,0.22,48,0
2026-06-18 01:09:03.689178,Router_1,15,0.1,47,0
2026-06-18 01:10:03.689178,Router_1,14,0.41,54,0
2026-06-18 01:11:03.689178,Router_1,12,0.41,56,0
2026-06-18 01:12:03.689178,Router_1,25,0.06,57,0
2026-06-18 01:13:03.689178,Router_2,30,0.4,31,0
2026-06-18 01:14:03.689178,Router_1,10,0.18,30,0
2026-06-18 01:15:03.689178,Router_2,24,0.13,50,0
2026-06-18 01:16:03.689178,Router_1,25,0.36,46,0
2026-06-18 01:17:03.689178,Router_3,15,0.22,46,0
2026-06-18 01:18:03.689178,Router_1,25,0.45,46,0
2026-06-18 01:19:03.689178,Router_3,23,0.12,31,0
2026-06-18 01:20:03.689178,Router_1,17,0.26,36,0
2026-06-18 01:21:03.689178,Router_2,21,0.46,41,0
2026-06-18 01:22:03.689178,Router_1,21,0.12,54,0
2026-06-18 01:23:03.689178,Router_1,22,0.08,30,0
2026-06-18 01:24:03.689178,Router_3,26,0.2,56,0
2026-06-18 01:25:03.689178,Router_2,21,0.31,54,0
2026-06-18 01:26:03.689178,Router_3,29,0.31,51,0
2026-06-18 01:27:03.689178,Router_2,25,0.43,40,0
2026-06-18 01:28:03.689178,Router_2,10,0.1,37,0
2026-06-18 01:29:03.689178,Router_1,14,0.23,34,0
2026-06-18 01:30:03.689178,Router_2,11,0.45,50,0
2026-06-18 01:31:03.689178,Router_3,25,0.02,39,0
2026-06-18 01:32:03.689178,Router_2,23,0.24,59,0
2026-06-18 01:33:03.689178,Router_2,15,0.27,51,0
2026-06-18 01:34:03.689178,Router_3,24,0.34,60,0
2026-06-18 01:35:03.689178,Router_2,30,0.14,34,0
2026-06-18 01:36:03.689178,Router_2,14,0.12,59,0
2026-06-18 01:37:03.689178,Router_2,18,0.18,59,0
2026-06-18 01:38:03.689178,Router_2,15,0.16,49,0
2026-06-18 01:39:03.689178,Router_3,12,0.16,33,0
2026-06-18 01:40:03.689178,Router_1,19,0.23,30,0
2026-06-18 01:41:03.689178,Router_3,12,0.43,36,0
2026-06-18 01:42:03.689178,Router_2,30,0.02,53,0
2026-06-18 01:43:03.689178,Router_3,19,0.35,31,0
2026-06-18 01:44:03.689178,Router_3,29,0.27,45,0
2026-06-18 01:45:03.689178,Router_3,25,0.32,35,0
2026-06-18 01:46:03.689178,Router_2,29,0.16,39,0
2026-06-18 01:47:03.689178,Router_3,15,0.44,33,0
2026-06-18 01:48:03.689178,Router_2,30,0.31,30,0
2026-06-18 01:49:03.689178,Router_3,11,0.18,32,0
2026-06-18 01:50:03.689178,Router_2,18,0.05,30,0
2026-06-18 01:51:03.689178,Router_1,18,0.36,48,0
2026-06-18 01:52:03.689178,Router_1,15,0.06,57,0
2026-06-18 01:53:03.689178,Router_1,24,0.16,34,0
2026-06-18 01:54:03.689178,Router_3,22,0.24,55,0
2026-06-18 01:55:03.689178,Router_3,18,0.38,49,0
2026-06-18 01:56:03.689178,Router_3,17,0.36,39,0
2026-06-18 01:57:03.689178,Router_2,14,0.49,50,0
2026-06-18 01:58:03.689178,Router_2,14,0.22,37,0
2026-06-18 01:59:03.689178,Router_2,15,0.5,30,0
2026-06-18 02:00:03.689178,Router_3,15,0.01,30,0
2026-06-18 02:01:03.689178,Router_2,13,0.25,52,0
2026-06-18 02:02:03.689178,Router_2,10,0.3,45,0
2026-06-18 02:03:03.689178,Router_1,25,0.09,42,0
2026-06-18 02:04:03.689178,Router_1,20,0.36,38,0
2026-06-18 02:05:03.689178,Router_3,28,0.2,55,0
2026-06-18 02:06:03.689178,Router_2,17,0.49,56,0
2026-06-18 02:07:03.689178,Router_1,19,0.47,53,0
2026-06-18 02:08:03.689178,Router_2,16,0.45,40,0
2026-06-18 02:09:03.689178,Router_1,21,0.23,34,0
2026-06-18 02:10:03.689178,Router_1,14,0.41,36,0
2026-06-18 02:11:03.689178,Router_1,10,0.35,51,0
2026-06-18 02:12:03.689178,Router_2,22,0.35,31,0
2026-06-18 02:13:03.689178,Router_3,24,0.09,33,0
2026-06-18 02:14:03.689178,Router_3,12,0.3,53,0
2026-06-18 02:15:03.689178,Router_1,30,0.1,59,0
2026-06-18 02:16:03.689178,Router_3,10,0.0,44,0
2026-06-18 02:17:03.689178,Router_1,21,0.46,48,0
2026-06-18 02:18:03.689178,Router_3,28,0.16,32,0
2026-06-18 02:19:03.689178,Router_3,25,0.08,33,0
2026-06-18 02:20:03.689178,Router_1,24,0.23,58,0
2026-06-18 02:21:03.689178,Router_1,13,0.1,52,0
2026-06-18 02:22:03.689178,Router_2,24,0.01,56,0
2026-06-18 02:23:03.689178,Router_1,27,0.29,43,0
2026-06-18 02:24:03.689178,Router_2,26,0.47,36,0
2026-06-18 02:25:03.689178,Router_2,21,0.3,49,0
2026-06-18 02:26:03.689178,Router_2,29,0.03,52,0
2026-06-18 02:27:03.689178,Router_1,22,0.13,32,0
2026-06-18 02:28:03.689178,Router_2,14,0.34,51,0
2026-06-18 02:29:03.689178,Router_1,18,0.02,34,0
2026-06-18 02:30:03.689178,Router_3,27,0.02,45,0
2026-06-18 02:31:03.689178,Router_3,25,0.34,51,0
2026-06-18 02:32:03.689178,Router_2,20,0.18,34,0
2026-06-18 02:33:03.689178,Router_1,11,0.38,51,0
2026-06-18 02:34:03.689178,Router_2,10,0.4,54,0
2026-06-18 02:35:03.689178,Router_3,12,0.26,58,0
2026-06-18 02:36:03.689178,Router_1,22,0.47,30,0
2026-06-18 02:37:03.689178,Router_1,15,0.34,52,0
2026-06-18 02:38:03.689178,Router_1,26,0.26,39,0
2026-06-18 02:39:03.689178,Router_3,20,0.23,49,0
2026-06-18 02:40:03.689178,Router_3,16,0.17,30,0
2026-06-18 02:41:03.689178,Router_2,18,0.31,55,0
2026-06-18 02:42:03.689178,Router_3,20,0.29,51,0
2026-06-18 02:43:03.689178,Router_1,27,0.3,39,0
2026-06-18 02:44:03.689178,Router_1,26,0.46,49,0
2026-06-18 02:45:03.689178,Router_2,17,0.16,55,0
2026-06-18 02:46:03.689178,Router_1,20,0.06,46,0
2026-06-18 02:47:03.689178,Router_2,12,0.25,55,0
2026-06-18 02:48:03.689178,Router_2,13,0.26,55,0
2026-06-18 02:49:03.689178,Router_3,25,0.16,51,0
2026-06-18 02:50:03.689178,Router_3,14,0.18,59,0
2026-06-18 02:51:03.689178,Router_1,26,0.22,39,0
2026-06-18 02:52:03.689178,Router_3,14,0.44,45,0
2026-06-18 02:53:03.689178,Router_2,26,0.5,31,0
2026-06-18 02:54:03.689178,Router_2,20,0.29,38,0
2026-06-18 02:55:03.689178,Router_1,19,0.13,33,0
2026-06-18 02:56:03.689178,Router_1,22,0.11,59,0
2026-06-18 02:57:03.689178,Router_2,16,0.5,35,0
2026-06-18 02:58:03.689178,Router_2,30,0.44,51,0
2026-06-18 02:59:03.689178,Router_3,14,0.35,59,0
2026-06-18 03:00:03.689178,Router_3,24,0.07,37,0
2026-06-18 03:01:03.689178,Router_1,10,0.09,54,0
2026-06-18 03:02:03.689178,Router_3,11,0.29,43,0
2026-06-18 03:03:03.689178,Router_1,10,0.36,54,0
2026-06-18 03:04:03.689178,Router_2,14,0.48,45,0
2026-06-18 03:05:03.689178,Router_1,10,0.49,37,0
2026-06-18 03:06:03.689178,Router_3,11,0.1,50,0
2026-06-18 03:07:03.689178,Router_3,13,0.4,35,0
2026-06-18 03:08:03.689178,Router_1,19,0.49,55,0
2026-06-18 03:09:03.689178,Router_1,25,0.45,30,0
2026-06-18 03:10:03.689178,Router_1,22,0.47,34,0
2026-06-18 03:11:03.689178,Router_3,22,0.32,34,0
2026-06-18 03:12:03.689178,Router_2,13,0.43,39,0
2026-06-18 03:13:03.689178,Router_1,30,0.07,37,0
2026-06-18 03:14:03.689178,Router_3,15,0.37,40,0
2026-06-18 03:15:03.689178,Router_1,19,0.13,58,0
2026-06-18 03:16:03.689178,Router_1,26,0.19,59,0
2026-06-18 03:17:03.689178,Router_3,16,0.19,39,0
2026-06-18 03:18:03.689178,Router_2,14,0.45,53,0
2026-06-18 03:19:03.689178,Router_3,11,0.28,57,0
2026-06-18 03:20:03.689178,Router_2,13,0.19,58,0
2026-06-18 03:21:03.689178,Router_2,22,0.1,31,0
2026-06-18 03:22:03.689178,Router_3,19,0.11,44,0
2026-06-18 03:23:03.689178,Router_2,26,0.27,57,0
2026-06-18 03:24:03.689178,Router_1,21,0.11,36,0
2026-06-18 03:25:03.689178,Router_2,13,0.21,32,0
2026-06-18 03:26:03.689178,Router_3,15,0.19,32,0
2026-06-18 03:27:03.689178,Router_3,14,0.4,35,0
2026-06-18 03:28:03.689178,Router_2,14,0.14,30,0
2026-06-18 03:29:03.689178,Router_1,22,0.03,46,0
2026-06-18 03:30:03.689178,Router_3,21,0.15,45,0
2026-06-18 03:31:03.689178,Router_3,29,0.25,41,0
2026-06-18 03:32:03.689178,Router_3,13,0.31,57,0
2026-06-18 03:33:03.689178,Router_2,10,0.21,37,0
2026-06-18 03:34:03.689178,Router_2,11,0.27,40,0
2026-06-18 03:35:03.689178,Router_2,24,0.05,50,0
2026-06-18 03:36:03.689178,Router_3,26,0.1,41,0
2026-06-18 03:37:03.689178,Router_1,19,0.19,44,0
2026-06-18 03:38:03.689178,Router_1,21,0.37,52,0
2026-06-18 03:39:03.689178,Router_2,24,0.03,59,0
2026-06-18 03:40:03.689178,Router_3,26,0.32,30,0
2026-06-18 03:41:03.689178,Router_3,15,0.18,58,0
2026-06-18 03:42:03.689178,Router_1,29,0.17,39,0
2026-06-18 03:43:03.689178,Router_1,24,0.3,30,0
2026-06-18 03:44:03.689178,Router_3,27,0.15,48,0
2026-06-18 03:45:03.689178,Router_1,13,0.3,41,0
2026-06-18 03:46:03.689178,Router_1,12,0.02,59,0
2026-06-18 03:47:03.689178,Router_3,17,0.27,38,0
2026-06-18 03:48:03.689178,Router_1,18,0.11,38,0
2026-06-18 03:49:03.689178,Router_3,25,0.23,45,0
2026-06-18 03:50:03.689178,Router_1,22,0.25,43,0
2026-06-18 03:51:03.689178,Router_2,13,0.25,47,0
2026-06-18 03:52:03.689178,Router_2,15,0.23,33,0
2026-06-18 03:53:03.689178,Router_3,16,0.24,31,0
2026-06-18 03:54:03.689178,Router_1,12,0.3,34,0
2026-06-18 03:55:03.689178,Router_3,12,0.06,58,0
2026-06-18 03:56:03.689178,Router_3,28,0.21,49,0
2026-06-18 03:57:03.689178,Router_3,18,0.11,59,0
2026-06-18 03:58:03.689178,Router_3,12,0.15,59,0
2026-06-18 03:59:03.689178,Router_3,26,0.2,60,0
2026-06-18 04:00:03.689178,Router_3,16,0.01,56,0
2026-06-18 04:01:03.689178,Router_2,19,0.05,38,0
2026-06-18 04:02:03.689178,Router_2,12,0.14,60,0
2026-06-18 04:03:03.689178,Router_2,14,0.35,51,0
2026-06-18 04:04:03.689178,Router_3,367,16.85,99,1
2026-06-18 04:05:03.689178,Router_2,25,0.44,42,0
2026-06-18 04:06:03.689178,Router_2,18,0.36,39,0
2026-06-18 04:07:03.689178,Router_3,30,0.44,43,0
2026-06-18 04:08:03.689178,Router_2,11,0.36,43,0
2026-06-18 04:09:03.689178,Router_3,28,0.28,58,0
2026-06-18 04:10:03.689178,Router_3,15,0.02,49,0
2026-06-18 04:11:03.689178,Router_3,16,0.09,47,0
2026-06-18 04:12:03.689178,Router_2,18,0.08,40,0
2026-06-18 04:13:03.689178,Router_3,18,0.25,33,0
2026-06-18 04:14:03.689178,Router_2,18,0.08,58,0
2026-06-18 04:15:03.689178,Router_3,12,0.21,59,0
2026-06-18 04:16:03.689178,Router_3,17,0.06,54,0
2026-06-18 04:17:03.689178,Router_3,27,0.26,45,0
2026-06-18 04:18:03.689178,Router_1,15,0.3,42,0
2026-06-18 04:19:03.689178,Router_3,11,0.37,47,0
2026-06-18 04:20:03.689178,Router_3,16,0.07,40,0
2026-06-18 04:21:03.689178,Router_3,12,0.21,59,0
2026-06-18 04:22:03.689178,Router_2,23,0.48,49,0
2026-06-18 04:23:03.689178,Router_2,24,0.28,52,0
2026-06-18 04:24:03.689178,Router_2,22,0.08,59,0
2026-06-18 04:25:03.689178,Router_1,17,0.05,59,0
2026-06-18 04:26:03.689178,Router_3,16,0.09,44,0
2026-06-18 04:27:03.689178,Router_1,14,0.07,33,0
2026-06-18 04:28:03.689178,Router_3,18,0.39,54,0
2026-06-18 04:29:03.689178,Router_3,25,0.14,50,0
2026-06-18 04:30:03.689178,Router_3,12,0.39,57,0
2026-06-18 04:31:03.689178,Router_2,26,0.23,59,0
2026-06-18 04:32:03.689178,Router_2,22,0.27,58,0
2026-06-18 04:33:03.689178,Router_2,10,0.46,32,0
2026-06-18 04:34:03.689178,Router_3,14,0.16,34,0
2026-06-18 04:35:03.689178,Router_3,18,0.48,58,0
2026-06-18 04:36:03.689178,Router_1,26,0.43,36,0
2026-06-18 04:37:03.689178,Router_1,22,0.48,32,0
2026-06-18 04:38:03.689178,Router_1,13,0.28,59,0
2026-06-18 04:39:03.689178,Router_2,11,0.17,60,0
2026-06-18 04:40:03.689178,Router_2,10,0.2,33,0
2026-06-18 04:41:03.689178,Router_2,22,0.44,36,0
2026-06-18 04:42:03.689178,Router_1,25,0.24,57,0
2026-06-18 04:43:03.689178,Router_3,24,0.42,53,0
2026-06-18 04:44:03.689178,Router_2,16,0.36,35,0
2026-06-18 04:45:03.689178,Router_1,13,0.45,56,0
2026-06-18 04:46:03.689178,Router_2,15,0.14,34,0
2026-06-18 04:47:03.689178,Router_2,21,0.27,37,0
2026-06-18 04:48:03.689178,Router_3,18,0.24,39,0
2026-06-18 04:49:03.689178,Router_1,11,0.33,47,0
2026-06-18 04:50:03.689178,Router_1,10,0.3,31,0
2026-06-18 04:51:03.689178,Router_1,12,0.08,30,0
2026-06-18 04:52:03.689178,Router_2,20,0.27,43,0
2026-06-18 04:53:03.689178,Router_1,28,0.22,53,0
2026-06-18 04:54:03.689178,Router_2,20,0.26,55,0
2026-06-18 04:55:03.689178,Router_1,24,0.24,49,0
2026-06-18 04:56:03.689178,Router_2,17,0.1,37,0
2026-06-18 04:57:03.689178,Router_2,19,0.45,54,0
2026-06-18 04:58:03.689178,Router_1,27,0.33,59,0
2026-06-18 04:59:03.689178,Router_1,22,0.29,47,0
2026-06-18 05:00:03.689178,Router_2,22,0.44,44,0
2026-06-18 05:01:03.689178,Router_3,27,0.38,55,0
2026-06-18 05:02:03.689178,Router_2,27,0.28,58,0
2026-06-18 05:03:03.689178,Router_2,24,0.17,60,0
2026-06-18 05:04:03.689178,Router_2,18,0.45,49,0
2026-06-18 05:05:03.689178,Router_2,14,0.04,51,0
2026-06-18 05:06:03.689178,Router_1,20,0.32,42,0
2026-06-18 05:07:03.689178,Router_3,12,0.42,42,0
2026-06-18 05:08:03.689178,Router_3,23,0.39,46,0
2026-06-18 05:09:03.689178,Router_2,11,0.26,33,0
2026-06-18 05:10:03.689178,Router_2,14,0.27,40,0
2026-06-18 05:11:03.689178,Router_3,30,0.12,40,0
2026-06-18 05:12:03.689178,Router_3,18,0.48,43,0
2026-06-18 05:13:03.689178,Router_2,19,0.33,50,0
2026-06-18 05:14:03.689178,Router_2,18,0.04,43,0
2026-06-18 05:15:03.689178,Router_3,20,0.04,47,0
2026-06-18 05:16:03.689178,Router_3,10,0.48,49,0
2026-06-18 05:17:03.689178,Router_1,28,0.08,47,0
2026-06-18 05:18:03.689178,Router_2,16,0.01,37,0
2026-06-18 05:19:03.689178,Router_3,19,0.13,45,0
2026-06-18 05:20:03.689178,Router_2,22,0.19,46,0
2026-06-18 05:21:03.689178,Router_2,19,0.38,34,0
2026-06-18 05:22:03.689178,Router_2,11,0.04,34,0
2026-06-18 05:23:03.689178,Router_3,26,0.15,36,0
2026-06-18 05:24:03.689178,Router_3,15,0.46,51,0
2026-06-18 05:25:03.689178,Router_3,16,0.05,53,0
2026-06-18 05:26:03.689178,Router_1,13,0.45,40,0
2026-06-18 05:27:03.689178,Router_1,13,0.32,45,0
2026-06-18 05:28:03.689178,Router_2,16,0.08,48,0
2026-06-18 05:29:03.689178,Router_3,11,0.48,33,0
2026-06-18 05:30:03.689178,Router_3,30,0.04,35,0
2026-06-18 05:31:03.689178,Router_1,23,0.44,33,0
2026-06-18 05:32:03.689178,Router_2,24,0.42,54,0
2026-06-18 05:33:03.689178,Router_1,204,17.69,98,1
2026-06-18 05:34:03.689178,Router_3,20,0.36,38,0
2026-06-18 05:35:03.689178,Router_1,23,0.11,56,0
2026-06-18 05:36:03.689178,Router_3,23,0.46,46,0
2026-06-18 05:37:03.689178,Router_1,11,0.32,45,0
2026-06-18 05:38:03.689178,Router_3,13,0.19,45,0
2026-06-18 05:39:03.689178,Router_3,16,0.18,46,0
2026-06-18 05:40:03.689178,Router_1,17,0.39,42,0
2026-06-18 05:41:03.689178,Router_2,13,0.24,39,0
2026-06-18 05:42:03.689178,Router_1,11,0.04,52,0
2026-06-18 05:43:03.689178,Router_1,14,0.19,59,0
2026-06-18 05:44:03.689178,Router_3,16,0.44,35,0
2026-06-18 05:45:03.689178,Router_3,28,0.11,33,0
2026-06-18 05:46:03.689178,Router_1,15,0.07,47,0
2026-06-18 05:47:03.689178,Router_3,15,0.31,38,0
2026-06-18 05:48:03.689178,Router_1,14,0.19,51,0
2026-06-18 05:49:03.689178,Router_1,25,0.48,53,0
2026-06-18 05:50:03.689178,Router_2,14,0.41,50,0
2026-06-18 05:51:03.689178,Router_1,23,0.48,37,0
2026-06-18 05:52:03.689178,Router_3,16,0.1,38,0
2026-06-18 05:53:03.689178,Router_1,24,0.07,52,0
2026-06-18 05:54:03.689178,Router_1,14,0.39,60,0
2026-06-18 05:55:03.689178,Router_2,10,0.26,30,0
2026-06-18 05:56:03.689178,Router_1,27,0.46,35,0
2026-06-18 05:57:03.689178,Router_3,11,0.01,45,0
2026-06-18 05:58:03.689178,Router_1,13,0.2,54,0
2026-06-18 05:59:03.689178,Router_3,28,0.04,32,0
2026-06-18 06:00:03.689178,Router_2,19,0.03,38,0
2026-06-18 06:01:03.689178,Router_1,28,0.47,36,0
2026-06-18 06:02:03.689178,Router_2,29,0.06,30,0
2026-06-18 06:03:03.689178,Router_1,28,0.22,44,0
2026-06-18 06:04:03.689178,Router_1,20,0.01,53,0
2026-06-18 06:05:03.689178,Router_3,11,0.36,39,0
2026-06-18 06:06:03.689178,Router_3,25,0.06,38,0
2026-06-18 06:07:03.689178,Router_3,24,0.12,55,0
2026-06-18 06:08:03.689178,Router_3,25,0.31,47,0
2026-06-18 06:09:03.689178,Router_2,12,0.1,42,0
2026-06-18 06:10:03.689178,Router_3,10,0.17,56,0
2026-06-18 06:11:03.689178,Router_3,30,0.16,32,0
2026-06-18 06:12:03.689178,Router_1,19,0.06,47,0
2026-06-18 06:13:03.689178,Router_2,21,0.09,33,0
2026-06-18 06:14:03.689178,Router_3,10,0.5,33,0
2026-06-18 06:15:03.689178,Router_3,12,0.41,37,0
2026-06-18 06:16:03.689178,Router_3,30,0.41,34,0
2026-06-18 06:17:03.689178,Router_3,23,0.2,58,0
2026-06-18 06:18:03.689178,Router_1,15,0.11,35,0
2026-06-18 06:19:03.689178,Router_1,29,0.44,47,0
2026-06-18 06:20:03.689178,Router_1,26,0.03,33,0
2026-06-18 06:21:03.689178,Router_2,27,0.41,55,0
2026-06-18 06:22:03.689178,Router_3,30,0.39,39,0
2026-06-18 06:23:03.689178,Router_2,23,0.23,35,0
2026-06-18 06:24:03.689178,Router_3,20,0.39,48,0
2026-06-18 06:25:03.689178,Router_1,14,0.29,58,0
2026-06-18 06:26:03.689178,Router_2,26,0.24,30,0
2026-06-18 06:27:03.689178,Router_2,26,0.17,39,0
2026-06-18 06:28:03.689178,Router_1,10,0.11,35,0
2026-06-18 06:29:03.689178,Router_3,16,0.44,34,0
2026-06-18 06:30:03.689178,Router_2,20,0.16,58,0
2026-06-18 06:31:03.689178,Router_1,171,6.7,90,1
2026-06-18 06:32:03.689178,Router_3,20,0.38,58,0
2026-06-18 06:33:03.689178,Router_2,17,0.37,33,0
2026-06-18 06:34:03.689178,Router_1,30,0.24,46,0
2026-06-18 06:35:03.689178,Router_1,17,0.36,42,0
2026-06-18 06:36:03.689178,Router_3,30,0.02,41,0
2026-06-18 06:37:03.689178,Router_1,29,0.4,53,0
2026-06-18 06:38:03.689178,Router_2,10,0.25,51,0
2026-06-18 06:39:03.689178,Router_2,12,0.15,40,0
2026-06-18 06:40:03.689178,Router_2,12,0.11,48,0
2026-06-18 06:41:03.689178,Router_1,12,0.29,42,0
2026-06-18 06:42:03.689178,Router_1,13,0.15,45,0
2026-06-18 06:43:03.689178,Router_3,24,0.08,56,0
2026-06-18 06:44:03.689178,Router_3,28,0.16,32,0
2026-06-18 06:45:03.689178,Router_3,27,0.23,48,0
2026-06-18 06:46:03.689178,Router_3,10,0.14,56,0
2026-06-18 06:47:03.689178,Router_1,24,0.22,30,0
2026-06-18 06:48:03.689178,Router_1,27,0.47,47,0
2026-06-18 06:49:03.689178,Router_3,28,0.03,36,0
2026-06-18 06:50:03.689178,Router_2,16,0.01,49,0
2026-06-18 06:51:03.689178,Router_2,15,0.37,37,0
2026-06-18 06:52:03.689178,Router_3,13,0.26,52,0
2026-06-18 06:53:03.689178,Router_2,13,0.05,38,0
2026-06-18 06:54:03.689178,Router_1,12,0.17,42,0
2026-06-18 06:55:03.689178,Router_1,23,0.29,48,0
2026-06-18 06:56:03.689178,Router_3,19,0.02,53,0
2026-06-18 06:57:03.689178,Router_1,10,0.2,42,0
2026-06-18 06:58:03.689178,Router_1,20,0.15,53,0
2026-06-18 06:59:03.689178,Router_2,16,0.14,49,0
2026-06-18 07:00:03.689178,Router_3,27,0.0,41,0
2026-06-18 07:01:03.689178,Router_2,22,0.21,49,0
2026-06-18 07:02:03.689178,Router_3,16,0.09,57,0
2026-06-18 07:03:03.689178,Router_1,30,0.42,36,0
2026-06-18 07:04:03.689178,Router_3,26,0.03,41,0
2026-06-18 07:05:03.689178,Router_2,21,0.25,59,0
2026-06-18 07:06:03.689178,Router_2,16,0.25,57,0
2026-06-18 07:07:03.689178,Router_1,17,0.02,55,0
2026-06-18 07:08:03.689178,Router_3,26,0.27,38,0
2026-06-18 07:09:03.689178,Router_3,10,0.35,60,0
2026-06-18 07:10:03.689178,Router_2,28,0.18,34,0
2026-06-18 07:11:03.689178,Router_1,27,0.2,51,0
2026-06-18 07:12:03.689178,Router_1,12,0.19,36,0
2026-06-18 07:13:03.689178,Router_2,17,0.12,34,0
2026-06-18 07:14:03.689178,Router_2,18,0.39,45,0
2026-06-18 07:15:03.689178,Router_2,21,0.13,49,0
2026-06-18 07:16:03.689178,Router_3,12,0.46,42,0
2026-06-18 07:17:03.689178,Router_1,20,0.44,31,0
2026-06-18 07:18:03.689178,Router_2,12,0.37,50,0
2026-06-18 07:19:03.689178,Router_3,14,0.01,45,0
2026-06-18 07:20:03.689178,Router_2,327,13.97,92,1
2026-06-18 07:21:03.689178,Router_1,30,0.39,58,0
2026-06-18 07:22:03.689178,Router_1,19,0.39,44,0
2026-06-18 07:23:03.689178,Router_1,13,0.43,47,0
2026-06-18 07:24:03.689178,Router_3,22,0.33,34,0
2026-06-18 07:25:03.689178,Router_3,16,0.14,57,0
2026-06-18 07:26:03.689178,Router_1,11,0.02,43,0
2026-06-18 07:27:03.689178,Router_2,26,0.17,48,0
2026-06-18 07:28:03.689178,Router_3,14,0.33,46,0
2026-06-18 07:29:03.689178,Router_1,12,0.24,30,0
2026-06-18 07:30:03.689178,Router_1,28,0.07,35,0
2026-06-18 07:31:03.689178,Router_3,26,0.32,46,0
2026-06-18 07:32:03.689178,Router_3,10,0.4,30,0
2026-06-18 07:33:03.689178,Router_2,19,0.35,50,0
2026-06-18 07:34:03.689178,Router_2,28,0.46,37,0
2026-06-18 07:35:03.689178,Router_3,12,0.3,45,0
2026-06-18 07:36:03.689178,Router_2,21,0.44,30,0
2026-06-18 07:37:03.689178,Router_2,11,0.36,45,0
2026-06-18 07:38:03.689178,Router_1,19,0.34,38,0
2026-06-18 07:39:03.689178,Router_1,23,0.31,50,0
2026-06-18 07:40:03.689178,Router_1,22,0.31,33,0
2026-06-18 07:41:03.689178,Router_3,29,0.4,48,0
2026-06-18 07:42:03.689178,Router_3,20,0.32,42,0
2026-06-18 07:43:03.689178,Router_2,24,0.16,38,0
2026-06-18 07:44:03.689178,Router_1,12,0.1,30,0
2026-06-18 07:45:03.689178,Router_2,13,0.45,50,0
2026-06-18 07:46:03.689178,Router_2,15,0.18,59,0
2026-06-18 07:47:03.689178,Router_2,24,0.08,36,0
2026-06-18 07:48:03.689178,Router_1,28,0.03,36,0
2026-06-18 07:49:03.689178,Router_3,17,0.27,54,0
2026-06-18 07:50:03.689178,Router_1,15,0.24,30,0
2026-06-18 07:51:03.689178,Router_2,27,0.46,51,0
2026-06-18 07:52:03.689178,Router_1,16,0.0,42,0
2026-06-18 07:53:03.689178,Router_1,26,0.41,52,0
2026-06-18 07:54:03.689178,Router_2,19,0.25,43,0
2026-06-18 07:55:03.689178,Router_2,16,0.14,51,0
2026-06-18 07:56:03.689178,Router_3,27,0.04,37,0
2026-06-18 07:57:03.689178,Router_2,20,0.33,31,0
2026-06-18 07:58:03.689178,Router_2,24,0.06,50,0
2026-06-18 07:59:03.689178,Router_2,16,0.4,43,0
2026-06-18 08:00:03.689178,Router_3,23,0.35,54,0
2026-06-18 08:01:03.689178,Router_1,22,0.3,52,0
2026-06-18 08:02:03.689178,Router_2,18,0.13,50,0
2026-06-18 08:03:03.689178,Router_2,30,0.17,34,0
2026-06-18 08:04:03.689178,Router_3,27,0.12,40,0
2026-06-18 08:05:03.689178,Router_3,15,0.11,33,0
2026-06-18 08:06:03.689178,Router_2,11,0.34,33,0
2026-06-18 08:07:03.689178,Router_1,23,0.0,39,0
2026-06-18 08:08:03.689178,Router_2,30,0.3,55,0
2026-06-18 08:09:03.689178,Router_3,375,9.42,93,1
2026-06-18 08:10:03.689178,Router_3,19,0.23,55,0
2026-06-18 08:11:03.689178,Router_3,29,0.23,35,0
2026-06-18 08:12:03.689178,Router_2,21,0.17,47,0
2026-06-18 08:13:03.689178,Router_2,18,0.08,42,0
2026-06-18 08:14:03.689178,Router_1,21,0.41,60,0
2026-06-18 08:15:03.689178,Router_2,29,0.4,43,0
2026-06-18 08:16:03.689178,Router_2,17,0.08,52,0
2026-06-18 08:17:03.689178,Router_2,12,0.2,59,0
2026-06-18 08:18:03.689178,Router_2,20,0.16,48,0
2026-06-18 08:19:03.689178,Router_1,28,0.37,45,0
2026-06-18 08:20:03.689178,Router_2,25,0.36,39,0
2026-06-18 08:21:03.689178,Router_1,13,0.12,58,0
2026-06-18 08:22:03.689178,Router_2,24,0.48,54,0
2026-06-18 08:23:03.689178,Router_3,15,0.01,40,0
2026-06-18 08:24:03.689178,Router_2,20,0.08,58,0
2026-06-18 08:25:03.689178,Router_1,30,0.42,49,0
2026-06-18 08:26:03.689178,Router_3,25,0.31,58,0
2026-06-18 08:27:03.689178,Router_2,17,0.08,35,0
2026-06-18 08:28:03.689178,Router_3,29,0.5,33,0
2026-06-18 08:29:03.689178,Router_2,12,0.43,52,0
2026-06-18 08:30:03.689178,Router_3,29,0.48,49,0
2026-06-18 08:31:03.689178,Router_2,20,0.48,54,0
2026-06-18 08:32:03.689178,Router_3,14,0.14,55,0
2026-06-18 08:33:03.689178,Router_2,29,0.14,46,0
2026-06-18 08:34:03.689178,Router_3,17,0.41,40,0
2026-06-18 08:35:03.689178,Router_2,29,0.39,30,0
2026-06-18 08:36:03.689178,Router_2,13,0.25,42,0
2026-06-18 08:37:03.689178,Router_1,27,0.03,48,0
2026-06-18 08:38:03.689178,Router_1,21,0.16,57,0
2026-06-18 08:39:03.689178,Router_1,16,0.3,40,0
2026-06-18 08:40:03.689178,Router_3,26,0.21,57,0
2026-06-18 08:41:03.689178,Router_1,29,0.19,38,0
2026-06-18 08:42:03.689178,Router_3,14,0.1,59,0
2026-06-18 08:43:03.689178,Router_2,19,0.22,48,0
2026-06-18 08:44:03.689178,Router_1,14,0.46,59,0
2026-06-18 08:45:03.689178,Router_3,25,0.12,30,0
2026-06-18 08:46:03.689178,Router_3,19,0.23,44,0
2026-06-18 08:47:03.689178,Router_2,15,0.37,57,0
2026-06-18 08:48:03.689178,Router_3,25,0.15,32,0
2026-06-18 08:49:03.689178,Router_3,25,0.34,34,0
2026-06-18 08:50:03.689178,Router_2,20,0.29,36,0
2026-06-18 08:51:03.689178,Router_2,23,0.36,31,0
2026-06-18 08:52:03.689178,Router_2,29,0.38,54,0
2026-06-18 08:53:03.689178,Router_2,24,0.15,36,0
2026-06-18 08:54:03.689178,Router_2,10,0.15,37,0
2026-06-18 08:55:03.689178,Router_3,25,0.18,33,0
2026-06-18 08:56:03.689178,Router_1,18,0.45,58,0
2026-06-18 08:57:03.689178,Router_1,30,0.22,57,0
2026-06-18 08:58:03.689178,Router_3,25,0.16,45,0
2026-06-18 08:59:03.689178,Router_3,22,0.27,37,0
2026-06-18 09:00:03.689178,Router_1,28,0.33,53,0
2026-06-18 09:01:03.689178,Router_3,16,0.29,60,0
2026-06-18 09:02:03.689178,Router_3,20,0.49,33,0
2026-06-18 09:03:03.689178,Router_2,22,0.32,51,0
2026-06-18 09:04:03.689178,Router_2,15,0.05,30,0
2026-06-18 09:05:03.689178,Router_2,11,0.22,39,0
2026-06-18 09:06:03.689178,Router_2,28,0.49,59,0
2026-06-18 09:07:03.689178,Router_2,12,0.08,36,0
2026-06-18 09:08:03.689178,Router_2,19,0.37,52,0
2026-06-18 09:09:03.689178,Router_3,28,0.39,38,0
2026-06-18 09:10:03.689178,Router_3,13,0.02,50,0
2026-06-18 09:11:03.689178,Router_2,23,0.34,45,0
2026-06-18 09:12:03.689178,Router_2,22,0.25,33,0
2026-06-18 09:13:03.689178,Router_2,17,0.22,43,0
2026-06-18 09:14:03.689178,Router_2,18,0.26,60,0
2026-06-18 09:15:03.689178,Router_3,29,0.41,31,0
2026-06-18 09:16:03.689178,Router_1,12,0.43,40,0
2026-06-18 09:17:03.689178,Router_1,26,0.26,59,0
2026-06-18 09:18:03.689178,Router_1,28,0.48,60,0
2026-06-18 09:19:03.689178,Router_1,22,0.21,39,0
2026-06-18 09:20:03.689178,Router_3,18,0.08,44,0
2026-06-18 09:21:03.689178,Router_2,21,0.03,30,0
2026-06-18 09:22:03.689178,Router_1,26,0.02,30,0
2026-06-18 09:23:03.689178,Router_1,16,0.46,60,0
2026-06-18 09:24:03.689178,Router_2,27,0.16,57,0
2026-06-18 09:25:03.689178,Router_3,15,0.11,58,0
2026-06-18 09:26:03.689178,Router_3,11,0.1,37,0
2026-06-18 09:27:03.689178,Router_1,24,0.49,49,0
2026-06-18 09:28:03.689178,Router_2,27,0.27,59,0
2026-06-18 09:29:03.689178,Router_1,27,0.32,42,0
2026-06-18 09:30:03.689178,Router_1,15,0.05,37,0
2026-06-18 09:31:03.689178,Router_3,16,0.46,53,0
2026-06-18 09:32:03.689178,Router_2,28,0.15,51,0
2026-06-18 09:33:03.689178,Router_1,369,11.88,91,1
2026-06-18 09:34:03.689178,Router_3,28,0.01,60,0
2026-06-18 09:35:03.689178,Router_1,25,0.22,37,0
2026-06-18 09:36:03.689178,Router_2,23,0.36,52,0
2026-06-18 09:37:03.689178,Router_2,11,0.31,40,0
2026-06-18 09:38:03.689178,Router_3,28,0.31,54,0
2026-06-18 09:39:03.689178,Router_3,24,0.11,46,0
2026-06-18 09:40:03.689178,Router_2,25,0.43,35,0
2026-06-18 09:41:03.689178,Router_2,24,0.15,34,0
2026-06-18 09:42:03.689178,Router_2,30,0.1,60,0
2026-06-18 09:43:03.689178,Router_2,12,0.3,34,0
2026-06-18 09:44:03.689178,Router_2,29,0.26,54,0
2026-06-18 09:45:03.689178,Router_2,19,0.31,52,0
2026-06-18 09:46:03.689178,Router_3,10,0.49,37,0
2026-06-18 09:47:03.689178,Router_2,172,7.33,92,1
2026-06-18 09:48:03.689178,Router_2,24,0.32,34,0
2026-06-18 09:49:03.689178,Router_2,23,0.17,35,0
2026-06-18 09:50:03.689178,Router_1,10,0.08,44,0
2026-06-18 09:51:03.689178,Router_2,12,0.06,46,0
2026-06-18 09:52:03.689178,Router_1,26,0.32,54,0
2026-06-18 09:53:03.689178,Router_3,30,0.4,41,0
2026-06-18 09:54:03.689178,Router_1,22,0.07,51,0
2026-06-18 09:55:03.689178,Router_1,23,0.44,53,0
2026-06-18 09:56:03.689178,Router_2,13,0.3,54,0
2026-06-18 09:57:03.689178,Router_3,20,0.09,59,0
2026-06-18 09:58:03.689178,Router_3,25,0.4,32,0
2026-06-18 09:59:03.689178,Router_1,26,0.39,47,0
2026-06-18 10:00:03.689178,Router_2,25,0.19,47,0
2026-06-18 10:01:03.689178,Router_2,180,18.81,93,1
2026-06-18 10:02:03.689178,Router_1,21,0.38,41,0
2026-06-18 10:03:03.689178,Router_3,17,0.19,46,0
2026-06-18 10:04:03.689178,Router_1,15,0.38,36,0
2026-06-18 10:05:03.689178,Router_1,23,0.33,45,0
2026-06-18 10:06:03.689178,Router_2,25,0.37,53,0
2026-06-18 10:07:03.689178,Router_1,17,0.29,34,0
2026-06-18 10:08:03.689178,Router_2,25,0.42,36,0
2026-06-18 10:09:03.689178,Router_3,20,0.34,49,0
2026-06-18 10:10:03.689178,Router_1,10,0.14,48,0
2026-06-18 10:11:03.689178,Router_1,25,0.04,54,0
2026-06-18 10:12:03.689178,Router_2,11,0.44,32,0
2026-06-18 10:13:03.689178,Router_2,13,0.4,57,0
2026-06-18 10:14:03.689178,Router_1,16,0.18,46,0
2026-06-18 10:15:03.689178,Router_3,19,0.29,49,0
2026-06-18 10:16:03.689178,Router_3,12,0.08,54,0
2026-06-18 10:17:03.689178,Router_1,12,0.35,55,0
2026-06-18 10:18:03.689178,Router_1,24,0.02,44,0
2026-06-18 10:19:03.689178,Router_2,30,0.41,42,0
2026-06-18 10:20:03.689178,Router_2,27,0.47,37,0
2026-06-18 10:21:03.689178,Router_1,12,0.39,60,0
2026-06-18 10:22:03.689178,Router_3,22,0.35,59,0
2026-06-18 10:23:03.689178,Router_3,24,0.02,52,0
2026-06-18 10:24:03.689178,Router_1,29,0.04,50,0
2026-06-18 10:25:03.689178,Router_1,14,0.25,35,0
2026-06-18 10:26:03.689178,Router_1,23,0.19,40,0
2026-06-18 10:27:03.689178,Router_1,16,0.19,37,0
2026-06-18 10:28:03.689178,Router_2,16,0.38,33,0
2026-06-18 10:29:03.689178,Router_3,17,0.06,37,0
2026-06-18 10:30:03.689178,Router_1,24,0.44,34,0
2026-06-18 10:31:03.689178,Router_1,17,0.04,48,0
2026-06-18 10:32:03.689178,Router_1,16,0.05,57,0
2026-06-18 10:33:03.689178,Router_3,12,0.1,42,0
2026-06-18 10:34:03.689178,Router_2,12,0.03,48,0
2026-06-18 10:35:03.689178,Router_2,18,0.07,53,0
2026-06-18 10:36:03.689178,Router_3,281,11.39,96,1
2026-06-18 10:37:03.689178,Router_1,22,0.04,52,0
2026-06-18 10:38:03.689178,Router_1,24,0.2,58,0
2026-06-18 10:39:03.689178,Router_2,23,0.21,48,0
2026-06-18 10:40:03.689178,Router_1,22,0.45,33,0
2026-06-18 10:41:03.689178,Router_2,17,0.31,53,0
2026-06-18 10:42:03.689178,Router_2,10,0.33,37,0
2026-06-18 10:43:03.689178,Router_1,17,0.1,60,0
2026-06-18 10:44:03.689178,Router_3,25,0.16,57,0
2026-06-18 10:45:03.689178,Router_3,22,0.3,47,0
2026-06-18 10:46:03.689178,Router_3,12,0.1,53,0
2026-06-18 10:47:03.689178,Router_3,23,0.33,32,0
2026-06-18 10:48:03.689178,Router_3,22,0.42,31,0
2026-06-18 10:49:03.689178,Router_2,19,0.38,45,0
2026-06-18 10:50:03.689178,Router_1,19,0.29,30,0
2026-06-18 10:51:03.689178,Router_2,261,9.41,98,1
2026-06-18 10:52:03.689178,Router_3,20,0.24,31,0
2026-06-18 10:53:03.689178,Router_1,18,0.13,56,0
2026-06-18 10:54:03.689178,Router_2,29,0.39,54,0
2026-06-18 10:55:03.689178,Router_2,25,0.08,56,0
2026-06-18 10:56:03.689178,Router_1,30,0.33,31,0
2026-06-18 10:57:03.689178,Router_2,29,0.19,54,0
2026-06-18 10:58:03.689178,Router_3,25,0.41,43,0
2026-06-18 10:59:03.689178,Router_3,23,0.17,60,0
2026-06-18 11:00:03.689178,Router_3,24,0.01,34,0
2026-06-18 11:01:03.689178,Router_1,23,0.09,56,0
2026-06-18 11:02:03.689178,Router_2,27,0.44,43,0
2026-06-18 11:03:03.689178,Router_2,16,0.41,56,0
2026-06-18 11:04:03.689178,Router_1,19,0.16,36,0
2026-06-18 11:05:03.689178,Router_2,16,0.32,35,0
2026-06-18 11:06:03.689178,Router_2,22,0.32,36,0
2026-06-18 11:07:03.689178,Router_2,12,0.39,59,0
2026-06-18 11:08:03.689178,Router_3,10,0.49,53,0
2026-06-18 11:09:03.689178,Router_2,393,12.59,94,1
2026-06-18 11:10:03.689178,Router_2,21,0.49,44,0
2026-06-18 11:11:03.689178,Router_2,20,0.03,43,0
2026-06-18 11:12:03.689178,Router_3,11,0.16,44,0
2026-06-18 11:13:03.689178,Router_1,16,0.09,31,0
2026-06-18 11:14:03.689178,Router_1,18,0.19,50,0
2026-06-18 11:15:03.689178,Router_3,18,0.41,46,0
2026-06-18 11:16:03.689178,Router_3,17,0.39,51,0
2026-06-18 11:17:03.689178,Router_1,12,0.17,57,0
2026-06-18 11:18:03.689178,Router_2,25,0.09,38,0
2026-06-18 11:19:03.689178,Router_2,20,0.33,45,0
2026-06-18 11:20:03.689178,Router_2,30,0.34,44,0
2026-06-18 11:21:03.689178,Router_2,19,0.19,35,0
2026-06-18 11:22:03.689178,Router_3,17,0.23,58,0
2026-06-18 11:23:03.689178,Router_1,20,0.28,40,0
2026-06-18 11:24:03.689178,Router_3,16,0.39,46,0
2026-06-18 11:25:03.689178,Router_2,15,0.18,46,0
2026-06-18 11:26:03.689178,Router_2,17,0.29,33,0
2026-06-18 11:27:03.689178,Router_1,26,0.46,57,0
2026-06-18 11:28:03.689178,Router_2,29,0.25,50,0
2026-06-18 11:29:03.689178,Router_2,29,0.11,47,0
2026-06-18 11:30:03.689178,Router_2,30,0.24,39,0
2026-06-18 11:31:03.689178,Router_3,27,0.45,51,0
2026-06-18 11:32:03.689178,Router_1,20,0.17,58,0
2026-06-18 11:33:03.689178,Router_1,29,0.5,30,0
2026-06-18 11:34:03.689178,Router_2,17,0.46,59,0
2026-06-18 11:35:03.689178,Router_2,15,0.21,37,0
2026-06-18 11:36:03.689178,Router_2,29,0.17,41,0
2026-06-18 11:37:03.689178,Router_2,15,0.45,35,0
2026-06-18 11:38:03.689178,Router_2,27,0.3,44,0
2026-06-18 11:39:03.689178,Router_3,18,0.47,58,0
2026-06-18 11:40:03.689178,Router_2,11,0.24,37,0
2026-06-18 11:41:03.689178,Router_1,13,0.27,41,0
2026-06-18 11:42:03.689178,Router_2,21,0.27,39,0
2026-06-18 11:43:03.689178,Router_1,18,0.25,39,0
2026-06-18 11:44:03.689178,Router_2,16,0.19,38,0
2026-06-18 11:45:03.689178,Router_3,18,0.3,43,0
2026-06-18 11:46:03.689178,Router_2,15,0.36,37,0
2026-06-18 11:47:03.689178,Router_2,28,0.48,58,0
2026-06-18 11:48:03.689178,Router_1,14,0.12,32,0
2026-06-18 11:49:03.689178,Router_1,15,0.03,30,0
2026-06-18 11:50:03.689178,Router_3,29,0.01,44,0
2026-06-18 11:51:03.689178,Router_2,26,0.1,50,0
2026-06-18 11:52:03.689178,Router_3,28,0.18,55,0
2026-06-18 11:53:03.689178,Router_3,20,0.43,49,0
2026-06-18 11:54:03.689178,Router_2,22,0.01,50,0
2026-06-18 11:55:03.689178,Router_2,19,0.42,31,0
2026-06-18 11:56:03.689178,Router_1,26,0.33,43,0
2026-06-18 11:57:03.689178,Router_3,16,0.0,42,0
2026-06-18 11:58:03.689178,Router_3,26,0.45,46,0
2026-06-18 11:59:03.689178,Router_3,12,0.48,42,0
2026-06-18 12:00:03.689178,Router_3,30,0.27,39,0
2026-06-18 12:01:03.689178,Router_2,24,0.24,48,0
2026-06-18 12:02:03.689178,Router_3,30,0.4,41,0
2026-06-18 12:03:03.689178,Router_1,13,0.08,42,0
2026-06-18 12:04:03.689178,Router_2,23,0.12,34,0
2026-06-18 12:05:03.689178,Router_3,11,0.26,39,0
2026-06-18 12:06:03.689178,Router_3,20,0.43,55,0
2026-06-18 12:07:03.689178,Router_2,15,0.39,32,0
2026-06-18 12:08:03.689178,Router_1,26,0.23,40,0
2026-06-18 12:09:03.689178,Router_3,11,0.02,32,0
2026-06-18 12:10:03.689178,Router_3,15,0.41,44,0
2026-06-18 12:11:03.689178,Router_1,11,0.28,59,0
2026-06-18 12:12:03.689178,Router_2,13,0.12,51,0
2026-06-18 12:13:03.689178,Router_1,24,0.11,53,0
2026-06-18 12:14:03.689178,Router_3,331,10.94,98,1
2026-06-18 12:15:03.689178,Router_1,16,0.09,45,0
2026-06-18 12:16:03.689178,Router_3,11,0.0,47,0
2026-06-18 12:17:03.689178,Router_1,21,0.31,49,0
2026-06-18 12:18:03.689178,Router_2,25,0.01,44,0
2026-06-18 12:19:03.689178,Router_2,27,0.5,33,0
2026-06-18 12:20:03.689178,Router_1,25,0.14,49,0
2026-06-18 12:21:03.689178,Router_1,17,0.32,57,0
2026-06-18 12:22:03.689178,Router_3,20,0.15,48,0
2026-06-18 12:23:03.689178,Router_3,14,0.36,43,0
2026-06-18 12:24:03.689178,Router_3,22,0.48,38,0
2026-06-18 12:25:03.689178,Router_3,22,0.49,45,0
2026-06-18 12:26:03.689178,Router_3,21,0.42,48,0
2026-06-18 12:27:03.689178,Router_3,27,0.14,52,0
2026-06-18 12:28:03.689178,Router_3,30,0.22,60,0
2026-06-18 12:29:03.689178,Router_1,16,0.23,55,0
2026-06-18 12:30:03.689178,Router_1,11,0.19,55,0
2026-06-18 12:31:03.689178,Router_1,12,0.42,52,0
2026-06-18 12:32:03.689178,Router_2,18,0.15,31,0
2026-06-18 12:33:03.689178,Router_3,20,0.37,49,0
2026-06-18 12:34:03.689178,Router_2,14,0.45,49,0
2026-06-18 12:35:03.689178,Router_1,12,0.15,45,0
2026-06-18 12:36:03.689178,Router_1,22,0.42,34,0
2026-06-18 12:37:03.689178,Router_2,18,0.12,59,0
2026-06-18 12:38:03.689178,Router_1,16,0.1,52,0
2026-06-18 12:39:03.689178,Router_2,16,0.4,48,0
2026-06-18 12:40:03.689178,Router_1,12,0.11,37,0
2026-06-18 12:41:03.689178,Router_1,27,0.39,58,0
2026-06-18 12:42:03.689178,Router_3,16,0.45,44,0
2026-06-18 12:43:03.689178,Router_1,29,0.07,42,0
2026-06-18 12:44:03.689178,Router_3,27,0.38,34,0
2026-06-18 12:45:03.689178,Router_1,25,0.2,35,0
2026-06-18 12:46:03.689178,Router_2,18,0.24,41,0
2026-06-18 12:47:03.689178,Router_2,22,0.25,44,0
2026-06-18 12:48:03.689178,Router_2,15,0.18,58,0
2026-06-18 12:49:03.689178,Router_1,21,0.37,51,0
2026-06-18 12:50:03.689178,Router_3,22,0.43,30,0
2026-06-18 12:51:03.689178,Router_3,16,0.02,54,0
2026-06-18 12:52:03.689178,Router_2,15,0.19,48,0
2026-06-18 12:53:03.689178,Router_2,15,0.12,51,0
2026-06-18 12:54:03.689178,Router_1,11,0.21,49,0
2026-06-18 12:55:03.689178,Router_3,12,0.01,57,0
2026-06-18 12:56:03.689178,Router_3,27,0.41,37,0
2026-06-18 12:57:03.689178,Router_3,23,0.16,45,0
2026-06-18 12:58:03.689178,Router_2,11,0.45,52,0
2026-06-18 12:59:03.689178,Router_3,30,0.11,42,0
2026-06-18 13:00:03.689178,Router_3,29,0.11,40,0
2026-06-18 13:01:03.689178,Router_2,13,0.5,50,0
2026-06-18 13:02:03.689178,Router_1,24,0.46,36,0
2026-06-18 13:03:03.689178,Router_3,29,0.22,55,0
2026-06-18 13:04:03.689178,Router_2,10,0.14,33,0
2026-06-18 13:05:03.689178,Router_2,16,0.12,54,0
2026-06-18 13:06:03.689178,Router_1,11,0.18,49,0
2026-06-18 13:07:03.689178,Router_1,24,0.34,45,0
2026-06-18 13:08:03.689178,Router_3,15,0.31,57,0
2026-06-18 13:09:03.689178,Router_3,26,0.31,45,0
2026-06-18 13:10:03.689178,Router_3,16,0.27,45,0
2026-06-18 13:11:03.689178,Router_1,12,0.31,50,0
2026-06-18 13:12:03.689178,Router_2,21,0.23,58,0
2026-06-18 13:13:03.689178,Router_1,11,0.1,56,0
2026-06-18 13:14:03.689178,Router_1,28,0.24,39,0
2026-06-18 13:15:03.689178,Router_3,15,0.21,35,0
2026-06-18 13:16:03.689178,Router_2,26,0.4,37,0
2026-06-18 13:17:03.689178,Router_1,13,0.05,41,0
2026-06-18 13:18:03.689178,Router_1,14,0.4,31,0
2026-06-18 13:19:03.689178,Router_2,20,0.22,59,0
2026-06-18 13:20:03.689178,Router_2,21,0.19,45,0
2026-06-18 13:21:03.689178,Router_1,22,0.02,57,0
2026-06-18 13:22:03.689178,Router_2,30,0.44,39,0
2026-06-18 13:23:03.689178,Router_3,20,0.04,50,0
2026-06-18 13:24:03.689178,Router_3,25,0.25,55,0
2026-06-18 13:25:03.689178,Router_3,16,0.11,52,0
2026-06-18 13:26:03.689178,Router_2,21,0.27,45,0
2026-06-18 13:27:03.689178,Router_1,18,0.46,56,0
2026-06-18 13:28:03.689178,Router_2,18,0.48,53,0
2026-06-18 13:29:03.689178,Router_2,12,0.24,44,0
2026-06-18 13:30:03.689178,Router_2,28,0.1,43,0
2026-06-18 13:31:03.689178,Router_1,18,0.06,51,0
2026-06-18 13:32:03.689178,Router_1,30,0.4,34,0
2026-06-18 13:33:03.689178,Router_3,280,19.52,96,1
2026-06-18 13:34:03.689178,Router_2,11,0.27,37,0
2026-06-18 13:35:03.689178,Router_2,27,0.42,49,0
2026-06-18 13:36:03.689178,Router_3,28,0.5,55,0
2026-06-18 13:37:03.689178,Router_3,29,0.12,54,0
2026-06-18 13:38:03.689178,Router_2,17,0.25,50,0
2026-06-18 13:39:03.689178,Router_2,12,0.41,53,0
2026-06-18 13:40:03.689178,Router_1,17,0.34,37,0
2026-06-18 13:41:03.689178,Router_1,13,0.23,30,0
2026-06-18 13:42:03.689178,Router_2,17,0.49,32,0
2026-06-18 13:43:03.689178,Router_1,11,0.05,52,0
2026-06-18 13:44:03.689178,Router_3,28,0.49,49,0
2026-06-18 13:45:03.689178,Router_1,26,0.25,33,0
2026-06-18 13:46:03.689178,Router_2,29,0.24,50,0
2026-06-18 13:47:03.689178,Router_1,11,0.19,47,0
2026-06-18 13:48:03.689178,Router_2,16,0.19,44,0
2026-06-18 13:49:03.689178,Router_2,20,0.26,50,0
2026-06-18 13:50:03.689178,Router_2,14,0.0,51,0
2026-06-18 13:51:03.689178,Router_3,20,0.44,33,0
2026-06-18 13:52:03.689178,Router_1,28,0.07,42,0
2026-06-18 13:53:03.689178,Router_3,21,0.17,55,0
2026-06-18 13:54:03.689178,Router_1,29,0.3,39,0
2026-06-18 13:55:03.689178,Router_1,23,0.39,42,0
2026-06-18 13:56:03.689178,Router_1,19,0.35,54,0
2026-06-18 13:57:03.689178,Router_1,12,0.2,43,0
2026-06-18 13:58:03.689178,Router_2,22,0.19,35,0
2026-06-18 13:59:03.689178,Router_1,13,0.14,51,0
2026-06-18 14:00:03.689178,Router_3,11,0.03,37,0
2026-06-18 14:01:03.689178,Router_2,22,0.18,37,0
2026-06-18 14:02:03.689178,Router_2,28,0.25,55,0
2026-06-18 14:03:03.689178,Router_1,14,0.45,48,0
2026-06-18 14:04:03.689178,Router_1,22,0.24,48,0
2026-06-18 14:05:03.689178,Router_3,26,0.04,55,0
2026-06-18 14:06:03.689178,Router_3,21,0.04,58,0
2026-06-18 14:07:03.689178,Router_2,17,0.28,48,0
2026-06-18 14:08:03.689178,Router_2,18,0.39,32,0
2026-06-18 14:09:03.689178,Router_2,20,0.14,32,0
2026-06-18 14:10:03.689178,Router_2,27,0.11,47,0
2026-06-18 14:11:03.689178,Router_3,19,0.22,43,0
2026-06-18 14:12:03.689178,Router_1,24,0.21,55,0
2026-06-18 14:13:03.689178,Router_3,29,0.25,33,0
2026-06-18 14:14:03.689178,Router_3,22,0.24,51,0
2026-06-18 14:15:03.689178,Router_3,30,0.34,36,0
2026-06-18 14:16:03.689178,Router_3,29,0.14,40,0
2026-06-18 14:17:03.689178,Router_2,24,0.5,35,0
2026-06-18 14:18:03.689178,Router_3,29,0.3,59,0
2026-06-18 14:19:03.689178,Router_1,28,0.09,44,0
2026-06-18 14:20:03.689178,Router_3,12,0.46,40,0
2026-06-18 14:21:03.689178,Router_1,25,0.28,40,0
2026-06-18 14:22:03.689178,Router_2,27,0.15,35,0
2026-06-18 14:23:03.689178,Router_2,28,0.08,38,0
2026-06-18 14:24:03.689178,Router_3,25,0.01,42,0
2026-06-18 14:25:03.689178,Router_2,16,0.15,59,0
2026-06-18 14:26:03.689178,Router_1,10,0.15,55,0
2026-06-18 14:27:03.689178,Router_3,18,0.46,48,0
2026-06-18 14:28:03.689178,Router_3,25,0.16,37,0
2026-06-18 14:29:03.689178,Router_1,24,0.33,59,0
2026-06-18 14:30:03.689178,Router_2,11,0.33,43,0
2026-06-18 14:31:03.689178,Router_1,24,0.31,32,0
2026-06-18 14:32:03.689178,Router_3,24,0.31,52,0
2026-06-18 14:33:03.689178,Router_2,18,0.05,50,0
2026-06-18 14:34:03.689178,Router_3,14,0.05,30,0
2026-06-18 14:35:03.689178,Router_3,24,0.3,34,0
2026-06-18 14:36:03.689178,Router_3,13,0.13,51,0
2026-06-18 14:37:03.689178,Router_2,22,0.32,40,0
2026-06-18 14:38:03.689178,Router_1,21,0.07,38,0
2026-06-18 14:39:03.689178,Router_1,22,0.36,54,0
2026-06-18 14:40:03.689178,Router_1,25,0.47,37,0
2026-06-18 14:41:03.689178,Router_2,341,19.71,96,1
2026-06-18 14:42:03.689178,Router_3,10,0.05,33,0
2026-06-18 14:43:03.689178,Router_1,15,0.45,46,0
2026-06-18 14:44:03.689178,Router_3,29,0.25,60,0
2026-06-18 14:45:03.689178,Router_3,17,0.25,50,0
2026-06-18 14:46:03.689178,Router_1,30,0.41,33,0
2026-06-18 14:47:03.689178,Router_2,11,0.26,51,0
2026-06-18 14:48:03.689178,Router_2,14,0.08,40,0
2026-06-18 14:49:03.689178,Router_3,14,0.46,34,0
2026-06-18 14:50:03.689178,Router_3,19,0.3,31,0
2026-06-18 14:51:03.689178,Router_2,26,0.05,56,0
2026-06-18 14:52:03.689178,Router_2,26,0.11,40,0
2026-06-18 14:53:03.689178,Router_2,22,0.21,38,0
2026-06-18 14:54:03.689178,Router_3,15,0.25,51,0
2026-06-18 14:55:03.689178,Router_2,20,0.31,54,0
2026-06-18 14:56:03.689178,Router_1,24,0.29,35,0
2026-06-18 14:57:03.689178,Router_2,18,0.1,43,0
2026-06-18 14:58:03.689178,Router_3,13,0.07,40,0
2026-06-18 14:59:03.689178,Router_1,29,0.25,43,0
2026-06-18 15:00:03.689178,Router_3,25,0.11,46,0
